City_ID,City,Country,Lat,Lng,Max Temp,Humidity,Cloudiness,Wind Speed,Current Description
0,Namibe,AO,-15.1961,12.1522,72.79,75,97,5.08,overcast clouds
1,Busselton,AU,-33.65,115.3333,87.01,44,0,1.99,clear sky
2,Punta Arenas,CL,-53.15,-70.9167,48.2,71,0,17.27,clear sky
3,Khor,RU,47.8861,134.9464,-13.38,85,0,11.72,clear sky
4,Namatanai,PG,-3.6667,152.4333,84.49,66,100,13.27,overcast clouds
5,Tete,MZ,-16.1564,33.5867,73.35,94,90,3.22,overcast clouds
6,Atuona,PF,-9.8,-139.0333,79.07,76,84,17.18,broken clouds
7,Batagay-Alyta,RU,67.8006,130.4114,-33.41,80,89,2.24,overcast clouds
8,Chuy,UY,-33.6971,-53.4616,68.34,93,100,15.59,light rain
9,Mayor Pablo Lagerenza,PY,-19.9309,-60.7718,82.33,63,19,9.86,few clouds
10,Mandalgovi,MN,45.7625,106.2708,6.84,78,61,26.33,broken clouds
11,Hobart,AU,-42.8794,147.3294,73.99,52,40,12.66,scattered clouds
12,Harper,LR,4.375,-7.7169,78.4,87,19,6.82,few clouds
13,Kamaishi,JP,39.2667,141.8833,28.4,69,75,6.91,light snow
14,Rikitea,PF,-23.1203,-134.9692,79.38,72,0,11.52,clear sky
15,Mount Isa,AU,-20.7333,139.5,102.2,22,40,11.5,scattered clouds
16,Yellowknife,CA,62.456,-114.3525,-16.01,76,1,4.61,clear sky
17,Bredasdorp,ZA,-34.5322,20.0403,61.0,91,0,6.82,clear sky
18,Castro,BR,-24.7911,-50.0119,64.63,96,100,4.03,light rain
19,Albany,US,42.6001,-73.9662,12.99,57,8,4.0,clear sky
20,Skibbereen,IE,51.55,-9.2667,41.0,93,75,14.97,light rain
21,Butaritari,KI,3.0707,172.7902,81.34,79,36,18.48,scattered clouds
22,Saint-Philippe,RE,-21.3585,55.7679,79.0,65,0,5.75,light rain
23,Mataura,NZ,-46.1927,168.8643,73.81,35,98,3.65,overcast clouds
24,Yumbing,PH,9.2393,124.6578,80.69,74,67,16.51,broken clouds
25,Vila Velha,BR,-20.3297,-40.2925,78.8,78,40,6.91,scattered clouds
26,Ostrovnoy,RU,68.0531,39.5131,15.35,95,100,7.52,light snow
27,Cayenne,GF,4.9333,-52.3333,80.6,89,75,11.5,broken clouds
28,Ribeira Grande,PT,38.5167,-28.7,62.92,93,99,19.6,overcast clouds
29,Salaga,GH,8.5508,-0.5188,77.23,48,29,3.27,scattered clouds
30,Lucapa,AO,-8.4192,20.7447,64.49,98,99,2.89,overcast clouds
31,New Norfolk,AU,-42.7826,147.0587,73.99,37,4,1.99,clear sky
32,Ushuaia,AR,-54.8,-68.3,48.2,71,20,23.02,few clouds
33,Caravelas,BR,-17.7125,-39.2481,74.48,87,1,3.87,clear sky
34,Barrow,US,71.2906,-156.7887,-16.6,69,90,4.61,light snow
35,Kapaa,US,22.0752,-159.319,75.2,78,40,18.41,scattered clouds
36,Tromso,NO,69.6496,18.957,21.99,92,99,2.3,overcast clouds
37,Pitimbu,BR,-7.4706,-34.8086,77.0,88,20,4.61,few clouds
38,Bluff,NZ,-46.6,168.3333,58.32,72,98,11.59,overcast clouds
39,Biak,ID,-0.9131,122.8766,82.54,64,100,1.23,overcast clouds
40,Awbari,LY,26.5921,12.7805,54.32,41,0,8.48,clear sky
41,Matara,LK,5.9485,80.5353,81.3,73,52,3.33,broken clouds
42,Lodja,CD,-3.4833,23.4333,68.85,98,100,2.1,moderate rain
43,Innisfail,AU,-17.5333,146.0333,81.28,82,100,10.2,overcast clouds
44,Bethel,US,41.3712,-73.414,17.01,67,1,6.8,clear sky
45,Taoudenni,ML,22.6783,-3.9836,63.28,27,1,4.9,clear sky
46,Tuktoyaktuk,CA,69.4541,-133.0374,-34.6,67,40,4.61,scattered clouds
47,Butembo,CD,0.15,29.2833,57.97,87,83,1.88,broken clouds
48,Marzuq,YE,14.4,46.4667,55.87,61,0,2.48,clear sky
49,Kaeo,NZ,-35.1,173.7833,73.0,53,0,14.0,clear sky
50,Kodiak,US,57.79,-152.4072,32.0,51,1,19.57,clear sky
51,Porto Novo,BJ,6.4965,2.6036,82.4,83,40,9.22,scattered clouds
52,Severo-Kurilsk,RU,50.6789,156.125,25.18,95,100,34.52,light snow
53,Hithadhoo,MV,-0.6,73.0833,81.79,79,10,13.98,clear sky
54,Tshikapa,CD,-6.4167,20.8,70.52,94,100,7.58,moderate rain
55,Andenes,NO,69.3143,16.1194,24.01,73,100,2.3,overcast clouds
56,Kununurra,AU,-15.7667,128.7333,87.8,74,40,5.75,scattered clouds
57,Vaini,TO,-21.2,-175.2,86.0,79,75,13.8,light rain
58,Matamoros,MX,25.5333,-103.25,78.8,18,1,6.42,clear sky
59,Mar Del Plata,AR,-38.0023,-57.5575,61.0,51,0,18.41,clear sky
60,Cabedelo,BR,-6.9811,-34.8339,77.0,88,20,4.61,few clouds
61,Rawson,AR,-43.3002,-65.1023,60.64,60,18,14.36,few clouds
62,Carnarvon,AU,-24.8667,113.6333,91.4,58,2,4.61,clear sky
63,Hilo,US,19.7297,-155.09,78.8,57,90,9.22,light rain
64,Praxedis Guerrero,MX,31.3667,-106.0167,53.6,17,1,5.75,clear sky
65,Zhoucheng,CN,35.9122,116.3117,49.39,43,33,7.07,scattered clouds
66,Pafos,CY,34.7667,32.4167,60.8,77,0,18.41,clear sky
67,Pangody,RU,65.85,74.4859,-18.78,85,100,18.54,overcast clouds
68,Puerto Ayora,EC,-0.7393,-90.3518,78.01,90,48,7.0,scattered clouds
69,Kalmunai,LK,7.4167,81.8167,78.55,83,97,5.7,overcast clouds
70,Akyab,MM,20.15,92.9,73.62,46,100,7.67,overcast clouds
71,Chokwe,MZ,-24.5333,32.9833,75.87,87,0,3.78,clear sky
72,Jumla,NP,29.2747,82.1838,41.77,38,0,1.1,clear sky
73,Alofi,NU,-19.0595,-169.9187,80.6,78,90,10.36,light rain
74,Cape Town,ZA,-33.9258,18.4232,68.0,82,75,8.05,broken clouds
75,Hanyang,CN,32.1371,105.5126,43.0,43,25,1.14,scattered clouds
76,Bystryy Istok,RU,52.371,84.3873,5.14,94,66,7.18,broken clouds
77,Hamilton,US,39.1834,-84.5333,33.01,93,90,9.22,snow
78,Sitka,US,57.0531,-135.33,39.2,60,40,11.5,scattered clouds
79,Pimentel,PE,-6.8367,-79.9342,72.32,77,99,14.18,overcast clouds
80,Muros,ES,42.7762,-9.0603,55.0,90,100,5.99,overcast clouds
81,Saskylakh,RU,71.9167,114.0833,-33.23,83,100,10.67,overcast clouds
82,Miranda,CO,3.2499,-76.2281,67.15,61,2,4.92,clear sky
83,Ucluelet,CA,48.9329,-125.5528,45.0,91,100,5.01,light rain
84,Sao Filipe,CV,14.8961,-24.4956,74.39,60,100,11.07,overcast clouds
85,Horta,PT,38.5333,-28.6333,62.2,94,97,19.53,overcast clouds
86,Mitu,CO,1.1983,-70.1733,72.09,96,35,1.5,scattered clouds
87,Swellendam,ZA,-34.0226,20.4417,66.0,72,1,2.15,clear sky
88,Alice Springs,AU,-23.7,133.8833,96.01,20,83,16.11,broken clouds
89,Havelock,US,34.8791,-76.9013,37.0,60,1,6.91,clear sky
90,Faanui,PF,-16.4833,-151.75,82.15,68,97,6.35,overcast clouds
91,Chapada Dos Guimaraes,BR,-15.4606,-55.7497,80.6,78,0,6.91,clear sky
92,Mezen,RU,65.8522,44.24,12.87,96,100,5.84,overcast clouds
93,Yilan,TW,24.757,121.753,75.2,50,20,12.66,few clouds
94,Tiarei,PF,-17.5333,-149.3333,77.0,73,75,21.85,moderate rain
95,Saint-Joseph,RE,-21.3667,55.6167,79.0,65,0,5.75,clear sky
96,Tasiilaq,GL,65.6145,-37.6368,21.2,33,75,11.5,broken clouds
97,Dikson,RU,73.5069,80.5464,-33.68,80,0,5.7,clear sky
98,Anjangaon,IN,21.1631,77.3094,65.43,24,0,3.58,clear sky
99,Saldanha,ZA,-33.0117,17.9442,63.37,92,0,2.84,clear sky
100,Scarborough,GB,54.2797,-0.4044,37.0,76,88,1.01,overcast clouds
101,Panaba,MX,21.2833,-88.2667,67.37,91,96,7.92,overcast clouds
102,Sioux Lookout,CA,50.1001,-91.917,21.2,93,90,8.05,light snow
103,Ovre Ardal,NO,61.3167,7.8,9.63,87,98,1.01,overcast clouds
104,Fortuna,US,40.5982,-124.1573,52.0,81,90,21.85,overcast clouds
105,Tomatlan,MX,19.9333,-105.25,71.08,60,0,1.43,clear sky
106,Turukhansk,RU,65.8167,87.9833,-31.34,76,27,5.77,scattered clouds
107,Gisborne,NZ,-38.6533,178.0042,66.99,68,79,5.99,broken clouds
108,Kargasok,RU,59.0556,80.8572,-22.72,84,100,11.21,overcast clouds
109,Saint George,US,37.1041,-113.5841,45.0,70,1,3.44,clear sky
110,Clyde River,CA,70.4692,-68.5914,-4.0,92,90,5.75,overcast clouds
111,Broome,US,42.2506,-75.833,12.2,79,1,10.36,clear sky
112,Orsha,BY,54.5153,30.4053,17.04,97,100,7.11,overcast clouds
113,Lumphat,KH,13.4878,106.9816,82.78,44,1,8.68,clear sky
114,Qaanaaq,GL,77.484,-69.3632,-5.04,77,99,2.46,overcast clouds
115,Douentza,ML,14.9951,-2.9517,60.37,29,7,3.62,clear sky
116,Sawtell,AU,-30.3833,153.1,80.6,74,22,14.97,few clouds
117,Kirakira,SB,-10.4544,161.9205,81.88,82,99,14.32,overcast clouds
118,Avera,US,33.194,-82.5271,46.4,76,40,6.91,scattered clouds
119,Poya,NC,-21.35,165.15,81.88,64,38,10.98,scattered clouds
120,Wamba,NG,8.9333,8.6,72.61,21,0,3.91,clear sky
121,Vila Franca Do Campo,PT,37.7167,-25.4333,63.0,94,75,12.66,broken clouds
122,Torbay,CA,47.6666,-52.7314,28.99,100,90,9.22,light snow
123,Hermanus,ZA,-34.4187,19.2345,61.0,90,2,9.51,clear sky
124,Coihaique,CL,-45.5752,-72.0662,55.4,62,0,1.14,clear sky
125,Obo,CF,5.3998,26.4869,68.25,25,27,5.7,scattered clouds
126,Qui Nhon,VN,13.7667,109.2333,75.02,80,100,13.06,overcast clouds
127,Shenjiamen,CN,29.9576,122.298,53.71,80,75,14.83,broken clouds
128,Chokurdakh,RU,70.6333,147.9167,-29.81,85,0,8.57,clear sky
129,Villa Bruzual,VE,9.3328,-69.1208,76.06,69,87,7.16,overcast clouds
130,Tabou,CI,4.423,-7.3528,78.17,89,11,6.91,few clouds
131,Leningradskiy,RU,69.3833,178.4167,-27.18,82,0,4.61,clear sky
132,Port Blair,IN,11.6667,92.75,82.9,69,19,12.06,few clouds
133,Villa Carlos Paz,AR,-31.4241,-64.4978,63.0,96,73,1.99,broken clouds
134,Notodden,NO,59.5594,9.2585,18.0,55,38,5.99,scattered clouds
135,Uglovskoye,RU,51.3557,80.1942,8.11,94,100,7.9,overcast clouds
136,Boa Vista,BR,2.8197,-60.6733,78.8,73,75,9.22,broken clouds
137,Lavrentiya,RU,65.5833,-171.0,-13.79,84,57,8.12,broken clouds
138,Norman Wells,CA,65.282,-126.8329,-27.4,75,75,2.3,broken clouds
139,Ahlat,TR,38.7518,42.4814,21.54,91,100,0.58,overcast clouds
140,Thompson,CA,55.7435,-97.8558,14.0,92,90,2.3,light snow
141,Beringovskiy,RU,63.05,179.3167,5.85,94,100,31.29,snow
142,Jamestown,US,42.097,-79.2353,18.0,79,1,5.75,clear sky
143,Burnie,AU,-41.0667,145.9167,62.73,77,82,8.88,broken clouds
144,Chunoyar,RU,57.4467,97.3217,-36.71,77,15,0.45,few clouds
145,Erin,US,36.3184,-87.6947,44.6,81,90,11.5,light rain
146,Vardo,NO,70.3705,31.1107,25.63,95,100,18.63,light snow
147,Guerrero Negro,MX,27.9769,-114.0611,59.54,71,64,12.28,broken clouds
148,Banswada,IN,18.3833,77.8833,71.71,56,35,6.98,scattered clouds
149,Georgetown,MY,5.4112,100.3354,84.0,57,20,9.22,few clouds
150,Naze,JP,28.3667,129.4833,62.6,51,75,6.91,broken clouds
151,Alta Floresta,BR,-9.8756,-56.0861,71.47,97,86,2.37,overcast clouds
152,Belmonte,BR,-15.8631,-38.8828,78.8,78,40,8.05,scattered clouds
153,Port Alfred,ZA,-33.5906,26.891,62.01,93,4,3.15,clear sky
154,Saint-Pierre,RE,-21.3393,55.4781,79.0,65,0,5.75,clear sky
155,Belle Fourche,US,44.6714,-103.8522,33.01,86,75,6.91,broken clouds
156,Sorland,NO,67.667,12.6934,30.11,88,61,7.4,broken clouds
157,Lebu,CL,-37.6167,-73.65,55.8,87,2,13.4,clear sky
158,Ignalina,LT,55.35,26.1667,21.85,97,100,10.56,overcast clouds
159,Victoria,HK,22.2855,114.1577,72.0,40,0,11.99,clear sky
160,Gizo,SB,-8.103,156.8419,86.52,69,60,20.85,broken clouds
161,San Juan,AR,-31.5375,-68.5364,73.71,40,56,8.55,broken clouds
162,Kvareli,GE,41.9524,45.8151,40.32,71,78,1.59,broken clouds
163,Mangrol,IN,21.1167,70.1167,63.93,34,0,10.83,clear sky
164,Ngunguru,NZ,-35.6167,174.5,73.0,53,0,14.0,clear sky
165,Kaitangata,NZ,-46.2817,169.8464,61.0,75,100,8.01,overcast clouds
166,Itarema,BR,-2.9248,-39.9167,78.6,84,100,10.36,overcast clouds
167,Haines Junction,CA,60.7522,-137.5108,-11.2,77,97,0.6,overcast clouds
168,Miracema Do Tocantins,BR,-9.5618,-48.3967,73.58,90,100,1.66,overcast clouds
169,Ternate,ID,0.8,127.4,83.41,68,100,5.06,overcast clouds
170,Sambava,MG,-14.2667,50.1667,75.92,86,0,6.22,clear sky
171,Provideniya,RU,64.3833,-173.3,-9.45,83,100,15.35,overcast clouds
172,Gat,IL,31.61,34.7642,55.0,57,0,1.99,clear sky
173,Mattawa,US,46.7379,-119.9028,41.0,87,90,2.93,overcast clouds
174,Isangel,VU,-19.55,169.2667,84.2,74,75,11.5,broken clouds
175,Ponta Do Sol,PT,32.6667,-17.1,57.0,75,15,5.01,few clouds
176,Morros,BR,-9.4467,-46.3003,75.13,75,53,3.69,broken clouds
177,Svetlogorsk,BY,52.6333,29.7333,23.41,98,100,8.99,overcast clouds
178,Chenove,FR,47.2932,5.0046,42.8,100,90,3.44,mist
179,Coquimbo,CL,-29.9533,-71.3436,64.4,94,90,3.44,overcast clouds
180,Sur,OM,22.5667,59.5289,65.23,52,0,0.47,clear sky
181,Port Augusta,AU,-32.5,137.7667,71.6,60,100,16.11,overcast clouds
182,Talnakh,RU,69.4865,88.3972,-31.23,71,0,7.14,clear sky
183,Fare,PF,-16.7,-151.0167,81.54,71,11,6.2,few clouds
184,Pisco,PE,-13.7,-76.2167,69.8,73,0,14.97,clear sky
185,Cabo San Lucas,MX,22.8909,-109.9124,66.2,82,20,3.44,few clouds
186,Yar-Sale,RU,66.8333,70.8333,-16.89,87,100,17.81,overcast clouds
187,San Pedro Del Pinatar,ES,37.8357,-0.791,59.0,41,0,10.36,clear sky
188,Lorengau,PG,-2.0226,147.2712,82.58,82,99,11.86,overcast clouds
189,Airai,TL,-8.9266,125.4092,66.16,100,100,7.7,overcast clouds
190,Lompoc,US,34.6391,-120.4579,48.2,87,1,3.96,clear sky
191,Tiksi,RU,71.6872,128.8694,-26.99,86,100,4.63,overcast clouds
192,Axim,GH,4.8699,-2.2405,78.57,89,46,7.72,scattered clouds
193,Arraial Do Cabo,BR,-22.9661,-42.0278,76.66,83,5,25.77,clear sky
194,Los Llanos De Aridane,ES,28.6585,-17.9182,64.4,82,40,11.5,scattered clouds
195,Nijar,ES,36.9665,-2.206,62.6,34,0,20.71,clear sky
196,Vershino-Darasunskiy,RU,52.35,115.5167,-19.1,84,29,3.0,scattered clouds
197,San Cristobal,VE,7.7669,-72.225,64.76,73,93,1.43,overcast clouds
198,Sulangan,PH,11.1373,123.7228,79.79,76,99,17.05,overcast clouds
199,Codrington,AU,-38.2667,141.9667,66.18,57,0,11.07,clear sky
200,Bitung,ID,1.4451,125.1824,78.8,89,40,2.3,scattered clouds
201,Barreirinha,BR,-2.7933,-57.07,74.57,94,43,3.42,scattered clouds
202,Vuktyl,RU,63.8567,57.3094,-0.47,93,100,7.38,light snow
203,Saint-Paul,RE,-21.0096,55.2707,78.8,73,0,11.5,clear sky
204,Alekseyevsk,RU,57.8406,108.3492,-34.28,79,100,2.73,overcast clouds
205,Lerwick,GB,60.1545,-1.1494,35.6,87,75,6.91,broken clouds
206,Quatre Cocos,MU,-20.2078,57.7625,78.8,83,20,6.91,few clouds
207,Bonthe,SL,7.5264,-12.505,76.93,87,32,2.26,scattered clouds
208,Avarua,CK,-21.2078,-159.775,84.2,70,75,4.61,light rain
209,Fairbanks,US,64.8378,-147.7164,-2.2,77,90,0.63,light snow
210,The Pas,CA,53.8251,-101.2541,14.0,92,90,2.89,light snow
211,Bridlington,GB,54.0831,-0.1919,37.0,83,89,8.48,overcast clouds
212,Dudinka,RU,69.4058,86.1778,-35.66,77,0,7.56,clear sky
213,Pangkalanbuun,ID,-2.6833,111.6167,86.0,65,100,2.57,overcast clouds
214,Narsaq,GL,60.9167,-46.05,39.2,30,75,26.46,broken clouds
215,Deputatskiy,RU,69.3,139.9,-24.59,89,100,1.99,overcast clouds
216,Port Hawkesbury,CA,45.6169,-61.3485,26.01,86,90,12.66,overcast clouds
217,Tuatapere,NZ,-46.1333,167.6833,66.43,48,100,2.39,light rain
218,Saint-Francois,FR,46.4154,3.9054,44.01,93,90,1.14,overcast clouds
219,Khatanga,RU,71.9667,102.5,-47.29,78,40,1.7,scattered clouds
220,Miri,MY,4.4148,114.0089,84.2,79,40,5.75,scattered clouds
221,High Level,CA,58.5169,-117.136,-5.8,92,40,3.58,scattered clouds
222,Sobolevo,RU,54.4299,31.8996,17.64,97,100,5.37,light snow
223,Mwinilunga,ZM,-11.7358,24.4293,62.26,93,100,2.19,light rain
224,Srednekolymsk,RU,67.45,153.6833,-32.62,84,100,4.99,overcast clouds
225,Mahebourg,MU,-20.4081,57.7,78.8,83,20,6.91,few clouds
226,Kruisfontein,ZA,-34.0033,24.7314,57.99,92,0,4.38,clear sky
227,Lagoa,PT,39.05,-27.9833,61.72,96,98,23.15,overcast clouds
228,Pangnirtung,CA,66.1451,-65.7125,-6.99,76,9,3.38,clear sky
229,Limon,CR,10.0,-83.0333,75.45,79,97,4.16,overcast clouds
230,Kavieng,PG,-2.5744,150.7967,83.46,73,99,14.0,overcast clouds
231,Ereymentau,KZ,51.6199,73.1033,19.26,88,100,11.14,overcast clouds
232,Ajdabiya,LY,30.7554,20.2263,59.27,54,0,8.9,clear sky
233,Arlit,NE,18.7369,7.3853,57.85,29,9,3.51,clear sky
234,Salta,AR,-24.7859,-65.4117,69.8,73,75,4.61,broken clouds
235,Port Hedland,AU,-20.3167,118.5667,93.2,49,90,14.97,overcast clouds
236,Touros,BR,-5.1989,-35.4608,77.0,88,20,3.44,few clouds
237,Bengkulu,ID,-3.8004,102.2655,75.15,90,100,3.04,overcast clouds
238,Tome,CL,-36.6167,-72.95,59.0,94,0,4.61,clear sky
239,Constitucion,CL,-35.3333,-72.4167,59.0,92,21,8.19,few clouds
240,Guadalupe Y Calvo,MX,26.1,-106.9667,43.95,68,62,3.24,broken clouds
241,Egvekinot,RU,66.3167,-179.1667,-20.29,85,100,11.1,overcast clouds
242,Souillac,MU,-20.5167,57.5167,78.8,83,20,6.91,few clouds
243,Gondanglegi,ID,-7.7479,112.0132,83.77,72,82,4.34,broken clouds
244,Chicama,PE,-7.8447,-79.1469,68.0,88,90,10.36,overcast clouds
245,Aban,RU,56.67,96.06,-37.89,79,0,1.16,clear sky
246,Seydi,TM,39.4816,62.9137,45.12,56,100,9.24,overcast clouds
247,Berkakit,RU,56.5807,124.7681,-30.46,81,100,2.37,overcast clouds
248,Pasir Gudang,MY,1.4584,103.8805,82.4,74,75,11.5,broken clouds
249,Berlevag,NO,70.8578,29.0864,24.76,95,100,18.75,light snow
250,Necochea,AR,-38.5473,-58.7368,59.0,67,59,4.0,broken clouds
251,Bambous Virieux,MU,-20.3428,57.7575,78.8,83,20,6.91,few clouds
252,Mackenzie,CA,55.2999,-123.1698,10.4,92,90,4.61,light snow
253,Colac,AU,-38.3333,143.5833,69.01,73,7,4.0,clear sky
254,Vostok,RU,46.4856,135.8833,-7.51,84,14,5.53,few clouds
255,Hoquiam,US,46.9809,-123.8893,46.0,81,90,12.66,overcast clouds
256,Selkirk,CA,50.1436,-96.8845,24.01,93,90,4.61,light snow
257,Thinadhoo,MV,0.5333,72.9333,81.86,77,12,12.41,few clouds
258,Naliya,IN,23.2667,68.8333,61.97,55,0,5.17,clear sky
259,Lexington,US,37.9887,-84.4777,35.01,93,90,16.11,light snow
260,Aykhal,RU,66.0,111.5,-31.88,81,100,11.99,overcast clouds
261,Newcastle,AU,-32.9272,151.7765,79.0,83,90,21.85,overcast clouds
262,Fort Nelson,CA,58.8053,-122.7002,-11.2,77,40,3.44,scattered clouds
263,Riyadh,SA,24.6877,46.7219,50.0,53,0,3.44,clear sky
264,Tyumentsevo,RU,53.3224,81.498,-0.42,93,100,9.82,overcast clouds
265,Cherskiy,RU,68.75,161.3,-34.69,83,0,2.15,clear sky
266,Mogadishu,SO,2.0371,45.3438,74.34,84,20,15.41,few clouds
267,Asau,RO,46.4333,26.4,37.0,80,20,18.41,light snow
268,Nelson Bay,AU,-32.7167,152.15,77.0,83,90,21.85,overcast clouds
269,Puerto Carreno,CO,6.189,-67.4859,81.05,61,65,12.39,broken clouds
270,Warri,NG,5.5167,5.75,77.72,88,6,1.63,clear sky
271,Padang,ID,-0.9492,100.3543,82.78,66,69,3.56,broken clouds
272,Shahr-E Kord,IR,32.3256,50.8644,28.0,85,0,5.61,clear sky
273,Camacha,PT,33.0833,-16.3333,57.2,88,0,4.61,clear sky
274,Sorong,ID,-0.8833,131.25,81.55,75,100,12.19,overcast clouds
275,Carauari,BR,-4.8828,-66.8958,74.12,96,82,2.48,broken clouds
276,Port Elizabeth,ZA,-33.918,25.5701,60.8,88,0,3.44,clear sky
277,Hobyo,SO,5.3505,48.5268,75.2,74,67,14.99,broken clouds
278,Salalah,OM,17.0151,54.0924,66.2,72,40,3.44,scattered clouds
279,Galesong,ID,-5.3166,119.3661,82.4,89,20,4.61,few clouds
280,Libertador General San Martin,AR,-23.8064,-64.7876,78.01,83,47,1.01,scattered clouds
281,Savalou,BJ,7.9281,1.9756,75.94,89,1,2.08,clear sky
282,Gafanha Da Encarnacao,PT,40.6181,-8.733,55.0,90,100,10.96,light rain
283,Pevek,RU,69.7008,170.3133,-33.2,84,4,3.04,clear sky
284,Auki,SB,-8.7676,160.7034,82.92,78,100,14.2,overcast clouds
285,Tiznit,MA,29.5833,-9.5,55.67,83,37,1.61,scattered clouds
286,Qinzhou,CN,21.95,108.6167,70.66,62,86,7.63,overcast clouds
287,Slonim,BY,53.0867,25.3219,18.86,97,95,8.99,overcast clouds
288,San Jose,US,37.3394,-121.895,54.0,58,20,3.13,few clouds
289,Chifeng,CN,42.2683,118.9636,19.42,92,100,1.81,overcast clouds
290,Morro Bay,US,35.3658,-120.8499,50.0,87,2,2.15,clear sky
291,Miraflores,MX,19.2167,-98.8083,68.0,32,1,8.05,clear sky
292,Kondinskoye,RU,59.6481,67.41,14.47,96,100,9.1,overcast clouds
293,Dingle,PH,10.9995,122.6711,80.78,76,90,17.36,overcast clouds
294,Samarai,PG,-10.6167,150.6667,85.87,72,100,15.99,overcast clouds
295,Atambua,ID,-9.1061,124.8925,75.7,91,100,8.86,overcast clouds
296,Sao Joao Da Barra,BR,-21.6403,-41.0511,77.13,81,2,20.76,clear sky
297,Charters Towers,AU,-20.1,146.2667,87.46,47,98,9.31,overcast clouds
298,Grand Gaube,MU,-20.0064,57.6608,79.0,83,1,1.99,clear sky
299,Gigmoto,PH,13.7796,124.39,77.74,77,100,18.32,overcast clouds
300,Nha Trang,VN,12.25,109.1833,78.8,61,40,10.36,scattered clouds
301,Otautau,NZ,-46.15,168.0,71.46,35,98,2.66,light rain
302,Tocopilla,CL,-22.092,-70.1979,67.05,60,1,7.47,clear sky
303,East London,ZA,-33.0153,27.9116,70.34,84,71,4.12,broken clouds
304,Manaure,CO,11.7751,-72.4445,77.13,73,69,15.48,broken clouds
305,Prince Rupert,CA,54.3161,-130.3201,41.0,86,75,5.75,broken clouds
306,Gatesville,US,31.4352,-97.7439,64.4,25,1,6.91,clear sky
307,Taltal,CL,-25.4,-70.4833,65.37,75,4,6.64,clear sky
308,Itaituba,BR,-4.2761,-55.9836,73.56,95,87,1.74,overcast clouds
309,Lewisburg,US,35.4492,-86.7889,48.2,66,90,12.66,overcast clouds
310,Coolum Beach,AU,-26.5333,153.1,82.99,79,10,4.0,clear sky
311,Dubovskoye,RU,47.4092,42.7575,33.13,94,36,13.69,scattered clouds
312,Presque Isle,US,46.6811,-68.0159,1.4,78,1,4.61,clear sky
313,Iqaluit,CA,63.7506,-68.5145,-7.01,71,1,16.11,clear sky
314,Huarmey,PE,-10.0681,-78.1522,71.2,77,67,6.51,broken clouds
315,Kot Isa Khan,IN,30.95,75.1333,48.7,49,0,1.68,clear sky
316,Malaut,IN,30.2167,74.4833,51.42,40,0,3.06,clear sky
317,Pontalina,BR,-17.525,-49.4472,71.4,72,100,3.15,overcast clouds
318,Bronnoysund,NO,65.4625,12.1997,23.0,86,90,1.14,overcast clouds
319,Vao,NC,-22.6667,167.4833,76.3,79,86,21.16,overcast clouds
320,Broken Hill,AU,-31.95,141.4333,84.2,28,62,14.97,broken clouds
321,Sri Aman,MY,1.2376,111.4621,80.6,89,20,1.14,few clouds
322,Smithers,CA,54.7804,-127.1743,19.4,86,90,2.3,light snow
323,Pochutla,MX,15.7432,-96.4661,70.59,82,0,2.01,clear sky
324,Octeville,FR,49.6261,-1.6435,44.01,100,90,18.5,mist
325,Cuiaba,BR,-15.5961,-56.0967,80.6,78,0,6.91,clear sky
326,Comodoro Rivadavia,AR,-45.8667,-67.5,57.2,62,0,4.61,clear sky
327,Guayaramerin,BO,-10.8368,-65.3614,74.01,95,98,1.57,overcast clouds
328,Nampula,MZ,-15.1165,39.2666,69.06,93,100,2.55,overcast clouds
329,Paita,PE,-5.0892,-81.1144,76.23,70,9,14.0,clear sky
330,Esna,EG,25.2934,32.554,46.4,66,0,6.29,clear sky
331,Lima,PE,-12.0432,-77.0282,75.0,78,0,12.66,clear sky
332,Margate,GB,51.3813,1.3862,39.99,61,5,4.0,clear sky
333,Rio Grande,BR,-32.035,-52.0986,68.0,98,95,10.09,overcast clouds
334,Shakawe,BW,-18.3667,21.85,68.65,94,100,4.81,overcast clouds
335,Bac Lieu,VN,9.285,105.7244,83.44,58,71,14.45,broken clouds
336,Kuala Sungai Baru,MY,2.3594,102.0353,80.6,69,20,9.22,few clouds
337,Dejen,ET,10.1667,38.1333,48.65,55,33,4.21,scattered clouds
338,Katsuura,JP,35.1333,140.3,53.01,37,20,16.11,few clouds
339,Bud,US,39.447,-86.1758,33.01,97,100,16.55,snow
340,Taraza,CO,7.5836,-75.4007,77.14,75,71,1.86,broken clouds
341,Turayf,SA,31.6725,38.6637,39.2,75,0,11.5,clear sky
342,Port Keats,AU,-14.25,129.55,80.13,86,100,9.89,overcast clouds
343,Mubi,NG,10.2676,13.2644,64.11,29,0,2.06,clear sky
344,Okhotsk,RU,59.3833,143.3,-5.46,81,0,17.22,clear sky
345,Pizarro,CO,4.9533,-77.366,77.34,87,16,3.27,light rain
346,Mujiayingzi,CN,42.1167,118.7833,23.67,91,100,5.32,overcast clouds
347,Xai-Xai,MZ,-25.0519,33.6442,74.79,91,0,5.46,clear sky
348,Bozoum,CF,6.3193,16.3799,68.0,30,0,3.09,clear sky
349,Mayumba,GA,-3.432,10.6554,75.88,86,97,4.18,overcast clouds
350,Hofn,IS,64.2539,-15.2082,23.58,83,0,13.89,clear sky
351,Russell,US,32.3502,-85.1999,50.0,76,1,5.7,clear sky
352,Tandil,AR,-37.3217,-59.1332,50.88,82,79,8.5,broken clouds
353,Nikolskoye,RU,59.7035,30.7861,24.8,93,75,4.47,light snow
354,Kahului,US,20.8947,-156.47,78.8,57,40,17.27,scattered clouds
355,Yelizovo,RU,53.1873,158.3805,30.2,47,90,20.13,overcast clouds
356,Cleethorpes,GB,53.5605,-0.0323,37.4,75,20,18.41,few clouds
357,Bonavista,CA,48.6499,-53.1147,30.0,93,96,4.61,overcast clouds
358,Sisimiut,GL,66.9395,-53.6735,5.22,90,66,7.72,broken clouds
359,Cotonou,BJ,6.3654,2.4183,82.4,83,40,9.22,scattered clouds
360,Pacific Grove,US,36.6177,-121.9166,53.6,71,1,3.29,clear sky
361,Soyo,AO,-6.1349,12.3689,79.79,83,100,8.97,moderate rain
362,Solnechnyy,RU,50.7214,136.6319,-7.29,85,54,5.59,broken clouds
363,Mnogovershinnyy,RU,53.9353,139.9242,-5.62,86,100,6.49,overcast clouds
364,Sola,VU,-13.8833,167.55,81.52,77,100,13.0,overcast clouds
365,Hambantota,LK,6.1241,81.1185,77.0,94,20,6.91,few clouds
366,Lazaro Cardenas,MX,17.9583,-102.2,75.96,80,8,0.45,clear sky
367,Grindavik,IS,63.8424,-22.4338,19.4,73,75,5.75,broken clouds
368,Jipijapa,EC,-1.3333,-80.5833,77.0,88,90,5.75,overcast clouds
369,Quelimane,MZ,-17.8786,36.8883,75.0,94,80,0.58,broken clouds
370,Ozernovskiy,RU,51.5,156.5167,17.76,95,100,10.71,light snow
371,Tigre,AR,-34.426,-58.5796,62.6,82,0,11.5,clear sky
372,Kirovskiy,RU,45.0917,133.5136,-3.98,86,53,2.93,broken clouds
373,Mecca,SA,21.4267,39.8261,64.96,42,0,4.34,clear sky
374,Labrea,BR,-7.2586,-64.7981,74.46,96,100,2.91,overcast clouds
375,Marataizes,BR,-21.0433,-40.8244,75.24,81,5,15.9,clear sky
376,Sakrand,PK,26.1384,68.2736,59.31,36,0,0.89,clear sky
377,Lata,PT,40.1629,-8.3327,55.99,93,100,4.0,overcast clouds
378,Batsfjord,NO,70.6345,29.7185,23.04,95,100,14.83,light snow
379,Sistranda,NO,63.7256,8.834,33.8,69,75,11.5,snow
380,Gombong,ID,-7.6072,109.5142,88.18,60,71,2.19,broken clouds
381,Ugoofaaru,MV,5.6667,73.0,82.13,66,69,7.38,broken clouds
382,Belebey,RU,54.1167,54.1167,20.73,97,100,9.95,overcast clouds
383,Hohhot,CN,40.8106,111.6522,23.0,50,0,2.24,clear sky
384,Mayo,US,38.8876,-76.5119,32.0,59,1,3.13,clear sky
385,Erenhot,CN,43.6475,111.9767,19.71,91,93,19.08,light snow
386,Santa Isabel Do Rio Negro,BR,-0.4139,-65.0192,75.7,87,83,2.68,broken clouds
387,Oranjemund,NA,-28.55,16.4333,59.59,92,2,7.81,clear sky
388,Usinsk,RU,65.9939,57.5281,-1.5,92,100,10.36,overcast clouds
389,Basco,PH,20.4487,121.9702,70.32,67,90,25.66,overcast clouds
390,Cartagena,CO,10.3997,-75.5144,77.0,88,0,6.91,clear sky
391,Hay River,CA,60.8156,-115.7999,-14.8,76,45,2.3,scattered clouds
392,Awjilah,LY,29.1081,21.2869,57.7,45,0,11.3,clear sky
393,Kremenchuk,UA,49.0973,33.4197,34.52,93,81,14.92,broken clouds
394,Sukhobezvodnoye,RU,57.0491,44.8891,18.64,97,100,8.63,light snow
395,Impfondo,CG,1.6381,18.0667,71.62,95,100,3.36,overcast clouds
396,Sirjan,IR,29.452,55.6814,42.78,64,0,6.13,clear sky
397,Dezhou,CN,37.4486,116.2925,40.55,64,0,3.8,clear sky
398,Plettenberg Bay,ZA,-34.0527,23.3716,64.98,75,0,5.14,clear sky
399,Karratha,AU,-20.7377,116.8463,93.83,42,90,8.72,overcast clouds
400,Piney Green,US,34.716,-77.3202,41.0,60,40,5.75,scattered clouds
401,Baruun-Urt,MN,46.6806,113.2792,8.19,95,100,2.82,light snow
402,Bogandinskiy,RU,56.8937,65.8938,12.2,92,75,4.47,light snow
403,Barcelos,PT,41.5388,-8.6151,53.6,100,75,3.44,light rain
404,Ostersund,SE,63.1792,14.6357,7.0,92,90,1.74,snow
405,Fiche,ET,9.8,38.7333,43.99,54,12,3.36,few clouds
406,Mombetsu,JP,44.3525,143.3525,23.0,86,75,2.3,light snow
407,Umba,RU,66.6871,34.3429,13.69,96,100,6.29,light snow
408,Thessalon,CA,46.2501,-83.5666,19.4,68,1,13.02,clear sky
409,Yerbogachen,RU,61.2767,108.0108,-31.81,82,52,6.31,broken clouds
410,Coracao De Jesus,BR,-16.6853,-44.365,77.0,50,0,6.89,clear sky
411,Baraboo,US,43.4711,-89.7443,30.0,100,90,12.66,snow
412,Nyurba,RU,63.2842,118.3319,-38.34,80,99,2.98,overcast clouds
413,Merauke,ID,-8.4667,140.3333,83.43,79,100,16.33,overcast clouds
414,Roald,NO,62.5833,6.1333,32.0,93,75,8.05,broken clouds
415,Aklavik,CA,68.2191,-135.0107,-27.4,75,100,1.14,overcast clouds
416,Asyut,EG,27.181,31.1837,44.6,65,0,4.61,clear sky
417,Balabac,PH,7.9868,117.0645,82.13,74,61,22.73,broken clouds
418,Warrington,GB,53.3925,-2.5802,35.01,86,100,10.36,overcast clouds
419,Zapolyarnyy,RU,69.4154,30.8136,24.8,93,75,6.91,light snow
420,Barentu,ER,15.1139,37.5928,57.51,88,0,4.18,clear sky
421,Southbridge,US,42.0751,-72.0334,10.0,44,0,4.59,clear sky
422,Nome,US,64.5011,-165.4064,-5.8,77,1,4.61,clear sky
423,Inuvik,CA,68.3499,-133.7218,-27.4,75,100,1.14,overcast clouds
424,Fukue,JP,32.6881,128.8419,55.4,58,40,4.61,scattered clouds
425,Guia De Isora,ES,28.2115,-16.7795,64.4,77,20,10.36,few clouds
426,Mandan,US,46.8267,-100.8896,24.8,100,90,10.36,mist
427,Amurzet,RU,47.6967,131.0981,-7.55,82,0,3.87,clear sky
428,Myitkyina,MM,25.3833,97.4,65.21,60,76,3.33,broken clouds
429,Yarada,IN,17.65,83.2667,75.2,88,40,3.44,mist
430,Khani,GE,41.9563,42.9566,44.6,61,0,11.5,clear sky
431,Port Hardy,CA,50.6996,-127.4199,44.6,87,90,17.27,moderate rain
432,Berea,US,41.3662,-81.8543,30.0,59,90,9.22,overcast clouds
433,Ust-Maya,RU,60.4167,134.5333,-33.83,79,100,2.66,overcast clouds
434,Savinka,RU,50.0785,47.0994,22.37,96,74,9.82,broken clouds
435,Bandarbeyla,SO,9.4942,50.8122,73.4,71,96,15.12,overcast clouds
436,Shenkursk,RU,62.1091,42.896,15.67,96,97,7.16,overcast clouds
437,Half Moon Bay,US,37.4636,-122.4286,53.6,76,20,3.44,few clouds
438,Tadine,NC,-21.55,167.8833,79.77,73,35,20.58,scattered clouds
439,Viedma,AR,-40.8135,-62.9967,55.99,70,53,7.47,broken clouds
440,Houma,US,29.5958,-90.7195,68.0,82,90,9.22,overcast clouds
441,Tautira,PF,-17.7333,-149.15,77.0,83,75,19.57,moderate rain
442,Hakui,JP,36.8833,136.7833,42.01,87,75,2.3,broken clouds
443,Mitsamiouli,KM,-11.3847,43.2844,81.86,78,97,11.86,overcast clouds
444,Katobu,ID,-4.9408,122.5276,83.28,74,100,7.23,overcast clouds
445,Ladesti,RO,44.8833,24.05,39.99,93,0,3.44,clear sky
446,Mwingi,KE,-0.9344,38.0601,60.24,82,81,1.16,broken clouds
447,Ginda,IN,30.6945,78.4932,45.99,36,0,2.46,clear sky
448,Bairiki,KI,1.3292,172.9752,86.0,70,40,10.36,scattered clouds
449,Salisbury,GB,51.0693,-1.7957,37.99,81,90,8.05,overcast clouds
450,Opuwo,NA,-18.0607,13.84,70.95,50,100,2.98,overcast clouds
451,Nishihara,JP,26.1842,127.7558,68.0,34,20,14.97,few clouds
452,Morondava,MG,-20.2833,44.2833,78.08,86,4,7.96,clear sky
453,Carutapera,BR,-1.195,-46.02,77.83,85,100,5.91,overcast clouds
454,Montepuez,MZ,-13.1256,38.9997,67.73,99,88,2.91,moderate rain
455,Karaton,ID,-6.3424,106.1045,84.0,83,40,10.36,moderate rain
456,Nicoya,CR,10.1483,-85.452,78.8,61,0,17.27,clear sky
457,Domoni,KM,-12.2569,44.5319,79.3,78,100,7.31,overcast clouds
458,Okotoks,CA,50.7289,-113.9828,23.0,79,10,4.99,clear sky
459,Mahibadhoo,MV,3.7833,72.9667,81.16,75,1,11.3,clear sky
460,Westerland,DE,54.9079,8.3033,35.6,87,20,9.22,few clouds
461,Puerto Del Rosario,ES,28.5004,-13.8627,64.4,88,90,20.71,mist
462,Hirara,JP,24.8,125.2833,69.8,49,20,14.97,few clouds
463,Atbasar,KZ,51.8,68.3333,16.12,93,100,7.83,overcast clouds
464,Bhawana,PK,31.5692,72.649,50.23,41,0,4.61,clear sky
465,Praia Da Vitoria,PT,38.7333,-27.0667,64.4,88,75,13.56,broken clouds
466,Korla,CN,41.7597,86.1469,23.11,81,0,5.01,clear sky
467,Takoradi,GH,4.8845,-1.7554,78.66,90,76,8.05,broken clouds
468,Adrar,MR,20.5022,-10.0711,63.99,26,62,7.52,broken clouds
469,Rawah,IQ,34.4816,41.9093,49.68,56,100,12.44,overcast clouds
470,Kodinsk,RU,58.6881,99.1844,-38.04,78,45,1.59,scattered clouds
471,Tevriz,RU,57.509,72.4042,4.55,94,100,9.89,overcast clouds
472,Flinders,AU,-34.5833,150.8552,68.0,95,96,1.01,overcast clouds
473,Dali,CN,25.7,100.1833,52.03,54,0,8.16,clear sky
474,Bhag,PK,29.0415,67.8239,58.71,29,0,3.62,clear sky
475,Upernavik,GL,72.7868,-56.1549,-9.27,84,79,5.14,broken clouds
476,Rio Blanco,MX,18.8333,-97.15,63.23,58,93,3.02,overcast clouds
477,Manta,EC,-0.95,-80.7333,77.0,88,90,5.75,overcast clouds
478,Prachuap Khiri Khan,TH,12.2167,99.75,78.8,69,2,4.61,clear sky
479,Gushikawa,JP,26.3544,127.8686,68.0,49,1,9.22,clear sky
480,Tezu,IN,27.9167,96.1667,68.09,26,24,1.54,few clouds
481,Saint Anthony,US,45.0205,-93.218,30.99,86,90,8.05,overcast clouds
482,Maragogi,BR,-9.0122,-35.2225,77.34,82,100,6.64,overcast clouds
483,Dosso,NE,13.049,3.1937,67.37,22,20,9.28,few clouds
484,Mutsu,JP,41.2894,141.2169,24.8,68,75,13.8,snow
485,Neuquen,AR,-38.9516,-68.0591,64.4,63,40,6.91,scattered clouds
486,Husavik,IS,66.0449,-17.3389,14.0,79,90,4.61,overcast clouds
487,Tessalit,ML,20.1986,1.0114,60.08,26,0,9.55,clear sky
488,Teguldet,RU,57.3064,88.1667,-27.24,84,3,6.08,clear sky
489,Klaksvik,FO,62.2266,-6.589,32.0,69,75,18.41,light snow
490,Livingston,GB,55.9029,-3.5226,35.6,87,90,4.61,overcast clouds
491,Nanortalik,GL,60.1432,-45.2371,29.14,90,100,6.55,overcast clouds
492,Salina,US,38.8403,-97.6114,35.6,87,90,28.77,overcast clouds
493,Bagotville,AU,-28.9833,153.4167,82.4,69,90,11.5,overcast clouds
494,Thaba-Tseka,LS,-29.522,28.6084,50.99,63,0,1.43,clear sky
495,Grants Pass,US,42.439,-123.3284,45.0,100,90,3.69,mist
496,La Joya,MX,18.6667,-99.4667,75.0,45,94,4.65,overcast clouds
497,Waingapu,ID,-9.6567,120.2641,84.56,71,100,16.8,overcast clouds
498,Bellegarde-Sur-Valserine,FR,46.1079,5.8242,41.0,93,75,5.75,broken clouds
499,Vestmannaeyjar,IS,63.4427,-20.2734,32.09,93,95,16.64,overcast clouds
500,Qesarya,IL,32.5189,34.9046,57.2,51,0,12.66,clear sky
501,North Bend,US,43.4065,-124.2243,48.2,100,90,7.31,overcast clouds
502,Ozerki,RU,57.6167,39.8833,24.8,86,90,6.71,snow
503,Chapais,CA,49.7834,-74.8492,-5.8,84,90,4.61,overcast clouds
504,Eyrarbakki,IS,63.863,-21.1481,19.4,53,0,8.05,clear sky
505,Wilmington,US,34.2257,-77.9447,43.0,52,90,4.61,overcast clouds
506,Visnes,NO,59.3556,5.2242,23.0,93,20,5.75,light rain
507,Faya,SA,18.3851,42.4509,51.8,66,0,2.82,clear sky
508,Homer,US,59.6425,-151.5483,28.0,74,1,6.22,clear sky
509,Bolobo,CD,-2.1667,16.2333,70.12,95,100,5.12,light rain
510,Bahir Dar,ET,11.5936,37.3908,61.29,53,5,3.76,clear sky
511,Tokat,TR,40.4167,36.5833,25.93,100,100,6.44,light snow
512,Kinkala,CG,-4.3614,14.7644,69.8,100,20,1.14,few clouds
513,Cayambe,EC,0.05,-78.1333,53.6,87,0,6.91,clear sky
514,Vittorio Veneto,IT,45.9767,12.3033,43.0,83,100,5.99,moderate rain
515,Jacksonville,US,30.3322,-81.6556,53.6,87,40,3.44,scattered clouds
516,Diofior,SN,14.1833,-16.6667,69.8,64,0,11.5,clear sky
517,San Quintin,MX,30.4833,-115.95,56.79,78,0,6.26,clear sky
518,Aquiraz,BR,-3.9014,-38.3911,80.6,83,20,11.5,few clouds
519,Puerto Suarez,BO,-18.95,-57.8,77.5,72,1,3.71,clear sky
520,Seminole,US,28.7086,-81.2081,62.01,67,1,6.91,clear sky
521,Shasta Lake,US,40.6804,-122.3708,46.0,89,99,2.8,overcast clouds
522,Elko,US,41.0002,-115.5012,28.99,74,0,2.77,clear sky
523,Luangwa,ZM,-15.6167,30.4167,72.27,93,100,1.61,overcast clouds
524,Ushtobe,KZ,45.2514,77.9838,14.77,82,41,2.93,scattered clouds
525,Nkhotakota,MW,-12.9274,34.2961,73.27,82,99,3.87,light rain
526,San Martin,AR,-33.081,-68.4681,62.6,82,75,10.36,light intensity drizzle
527,Altoona,US,40.5187,-78.3947,25.0,79,100,3.15,overcast clouds
528,Madang,PG,-5.2246,145.7966,85.14,79,77,6.55,moderate rain
529,Ahipara,NZ,-35.1667,173.1667,70.07,55,8,4.5,clear sky
530,Nedjo,ET,9.5046,35.5019,55.71,54,1,3.56,clear sky
531,Port Macquarie,AU,-31.4333,152.9167,82.4,74,16,11.03,few clouds
532,Henties Bay,NA,-22.116,14.2845,66.99,84,50,4.0,scattered clouds
533,Cockburn Town,TC,21.4612,-71.1419,73.4,56,20,13.8,few clouds
534,Amahai,ID,-3.3333,128.9167,86.49,62,86,4.59,overcast clouds
535,Bontang,ID,0.1333,117.5,78.31,86,100,13.2,overcast clouds
536,Ambon,ID,-3.6954,128.1814,91.4,55,40,9.22,scattered clouds
537,Linhai,CN,28.85,121.1167,61.0,56,81,3.65,broken clouds
538,Bilma,NE,18.6853,12.9164,57.13,32,0,4.23,clear sky
539,Rusape,ZW,-18.5278,32.1284,60.17,93,100,3.27,overcast clouds
540,Najran,SA,17.4924,44.1277,57.2,30,0,4.61,clear sky
541,Bukachacha,RU,52.9833,116.9167,-16.53,78,1,2.26,clear sky
542,Kabalo,CD,-6.05,26.9167,69.04,95,100,1.25,overcast clouds
543,Meulaboh,ID,4.1363,96.1285,82.36,67,71,1.52,broken clouds
544,Houston,US,29.7633,-95.3633,70.0,88,90,11.5,overcast clouds
545,Port-Gentil,GA,-0.7193,8.7815,76.87,81,100,5.44,overcast clouds
546,Kamenz,DE,51.268,14.0937,23.0,86,75,1.14,broken clouds
547,Pierre,US,44.3683,-100.351,26.6,80,90,11.5,light snow
548,Ndele,CF,8.4109,20.6473,71.49,22,7,8.28,clear sky
549,Esperance,AU,-33.8667,121.9,78.8,41,0,6.91,clear sky
550,Vilcun,CL,-38.65,-72.2333,59.0,100,0,4.61,clear sky
551,Vohibinany,MG,-17.35,49.0333,72.63,88,18,1.86,few clouds
552,Nanakuli,US,21.3906,-158.1547,78.8,57,1,8.05,clear sky
553,Dongsheng,CN,39.8161,109.9776,27.18,72,0,26.53,clear sky
554,Lagos,NG,6.5833,3.75,78.35,90,30,4.0,scattered clouds
555,Kalaleh,IR,37.3807,55.4916,47.52,66,0,4.34,clear sky
556,Jalu,LY,29.0331,21.5482,57.51,46,0,10.78,clear sky
557,Longyearbyen,SJ,78.2186,15.6401,-5.8,59,20,19.57,few clouds
558,San Pedro,PH,14.35,121.0167,84.0,65,40,6.91,scattered clouds
559,Port-Cartier,CA,50.0334,-66.8654,19.4,68,37,10.36,scattered clouds
560,Komsomolskiy,UZ,40.4272,71.7189,32.0,55,100,9.22,overcast clouds
561,Mount Hagen,PG,-5.8581,144.2274,73.08,68,89,2.84,overcast clouds
562,Kenai,US,60.5544,-151.2583,19.4,86,1,5.75,clear sky
563,Belaya Gora,RU,68.5333,146.4167,-29.25,85,100,2.33,overcast clouds
564,Mantua,IT,45.1667,10.7833,39.99,100,90,5.75,moderate rain
565,Santa Fe,AR,-31.6333,-60.7,68.0,82,89,7.0,overcast clouds
566,Sabang,ID,5.8933,95.3214,81.05,78,42,21.43,scattered clouds
567,Tongliao,CN,43.6125,122.2653,8.58,92,99,6.44,light snow
568,Laguna,US,38.421,-121.4238,54.0,76,1,6.24,clear sky
569,Ntoum,GA,0.3833,9.7833,75.2,94,75,8.05,broken clouds
570,Kapit,MY,2.0167,112.9333,84.78,65,100,2.77,overcast clouds
571,Tangier,MA,35.7806,-5.8137,57.2,77,40,13.8,scattered clouds
572,Kloulklubed,PW,7.0419,134.2556,86.0,66,75,12.66,broken clouds
573,Shu,KZ,43.5983,73.7614,30.09,89,100,9.84,overcast clouds
574,Luderitz,NA,-26.6481,15.1594,63.77,67,0,17.02,clear sky
575,Mount Gambier,AU,-37.8333,140.7667,71.6,46,40,6.91,scattered clouds
576,Santa Marta De Tormes,ES,40.9506,-5.6272,44.01,81,0,18.41,clear sky
577,Te Anau,NZ,-45.4167,167.7167,65.88,47,85,7.52,overcast clouds
578,Acapulco,MX,16.8634,-99.8901,80.6,83,20,2.3,few clouds
579,Kupang,ID,-10.1667,123.5833,82.4,83,75,20.71,broken clouds
580,Oktyabrskoye,RU,43.0645,44.7417,35.6,87,18,4.47,few clouds
581,Ballina,AU,-28.8667,153.5667,82.4,69,90,11.5,overcast clouds
582,Sinnamary,GF,5.3833,-52.95,77.63,85,100,14.54,overcast clouds
583,Parana,AR,-31.732,-60.5238,68.0,83,87,8.99,overcast clouds
584,Murmashi,RU,68.8154,32.8115,14.0,85,75,2.37,light snow
585,Maceio,BR,-9.6658,-35.7353,75.2,94,40,3.44,scattered clouds
586,Cidreira,BR,-30.1811,-50.2056,75.61,89,98,10.11,overcast clouds
587,Pauini,BR,-7.7136,-66.9764,74.25,98,99,2.66,overcast clouds
588,Cortez,US,37.3489,-108.5859,28.4,74,1,6.38,clear sky
589,Jimeta,NG,9.2833,12.4667,70.09,24,0,1.23,clear sky
590,Rio Grande Da Serra,BR,-23.7442,-46.3983,77.0,73,0,3.44,clear sky
591,Neiafu,TO,-18.65,-173.9833,77.0,94,75,5.75,light rain
592,La Ronge,CA,55.1001,-105.2842,12.2,79,2,1.83,clear sky
593,Olinda,BR,-8.0089,-34.8553,78.8,69,40,5.75,scattered clouds
594,Aksu,CN,41.1231,80.2644,21.24,77,46,2.53,scattered clouds
595,Ilulissat,GL,69.2167,-51.1,8.6,66,90,3.44,overcast clouds
596,Morozovsk,RU,48.3539,41.8261,34.0,92,87,15.79,overcast clouds
597,Marsh Harbour,BS,26.5412,-77.0636,66.97,63,100,13.73,overcast clouds
598,Svetlyy,RU,54.675,20.1347,33.8,75,75,15.66,light snow
599,Yelanskiy,RU,56.8419,62.5014,6.75,95,77,0.29,broken clouds
600,Shetpe,KZ,44.1667,52.1167,32.74,94,31,5.93,scattered clouds
601,Dunedin,NZ,-45.8742,170.5036,59.0,79,100,20.0,overcast clouds
602,Dhidhdhoo,MV,6.8833,73.1,81.72,65,0,6.38,clear sky
603,Yatou,CN,37.15,122.3833,47.12,68,59,14.47,broken clouds
604,Sakakah,SA,29.9697,40.2064,41.0,65,0,3.44,clear sky
605,Jaguarari,BR,-10.2639,-40.1958,67.78,91,100,5.99,overcast clouds
606,Canico,PT,32.6333,-16.85,59.0,77,20,3.44,few clouds
607,Maryville,US,35.7565,-83.9705,34.0,93,90,4.61,overcast clouds
608,Port Lincoln,AU,-34.7333,135.8667,69.01,60,3,14.14,clear sky
609,Honiara,SB,-9.4333,159.95,83.03,79,100,9.53,moderate rain
610,Geraldton,AU,-28.7667,114.6,102.2,16,0,6.91,clear sky
611,Toora-Khem,RU,52.4675,96.11,-12.53,86,67,2.24,broken clouds
612,Alyangula,AU,-13.8483,136.4192,87.8,70,40,9.22,scattered clouds
613,Leshukonskoye,RU,64.8989,45.7622,20.57,98,99,5.79,light snow
614,Marabba,SD,12.35,32.1833,64.9,24,2,10.09,clear sky
615,Omboue,GA,-1.5746,9.2618,74.75,88,100,3.11,overcast clouds
616,Barra Do Garcas,BR,-15.89,-52.2567,73.92,85,82,0.34,broken clouds
617,Verkhoyansk,RU,67.5447,133.385,-42.57,76,62,0.96,broken clouds
618,Mineros,BO,-17.1167,-63.2333,76.14,86,70,7.78,broken clouds
619,Bilibino,RU,68.0546,166.4372,-26.16,79,0,5.7,clear sky
620,Sena Madureira,BR,-9.0656,-68.6569,74.07,96,99,3.04,light rain
621,Ruston,US,32.5232,-92.6379,62.6,88,75,8.05,broken clouds
622,Shingu,JP,33.7333,135.9833,51.8,50,40,10.36,scattered clouds
623,Poum,NC,-20.2333,164.0167,80.11,67,1,6.73,clear sky
624,Golden,US,39.7555,-105.2211,42.01,33,40,19.57,scattered clouds
625,Hasaki,JP,35.7333,140.8333,52.0,34,20,19.57,few clouds
626,Nata,PA,8.3333,-80.5167,73.99,50,50,12.39,scattered clouds
627,Minab,IR,27.1467,57.0801,62.17,84,7,1.72,clear sky
628,Kismayo,SO,-0.3582,42.5454,74.93,85,15,13.85,few clouds
629,Antofagasta,CL,-23.65,-70.4,66.2,82,20,10.36,few clouds
630,La Palma,US,33.8464,-118.0467,57.2,76,1,5.75,clear sky
631,Ossora,RU,59.2353,163.0719,-1.44,91,100,21.16,snow
632,Pingdu,CN,36.7844,119.9464,53.01,57,0,11.18,haze
633,Saint-Augustin,CA,51.226,-58.6502,26.76,92,100,18.79,overcast clouds
634,Quarai,BR,-30.3875,-56.4514,70.84,90,100,9.19,overcast clouds
635,Ancud,CL,-41.8697,-73.8203,52.0,87,0,2.64,clear sky
636,Santa Rita,BR,-7.1139,-34.9781,77.0,88,20,4.61,few clouds
637,Voyvozh,RU,62.892,54.9635,12.83,96,98,10.67,overcast clouds
638,Mushie,CD,-3.0167,16.9,69.06,95,100,4.47,light rain
639,Yokadouma,CM,3.5167,15.05,68.18,91,100,2.91,overcast clouds
640,Lesmahagow,GB,55.6367,-3.8874,28.99,94,100,1.01,overcast clouds
641,Zhezkazgan,KZ,47.8043,67.7144,15.3,95,91,7.0,overcast clouds
642,Verkhnevilyuysk,RU,63.4453,120.3167,-45.0,78,70,1.92,broken clouds
643,Anchorage,US,61.2181,-149.9003,21.2,53,20,3.44,few clouds
644,Gunjur,GM,13.2019,-16.7339,68.0,68,0,11.9,clear sky
645,Inongo,CD,-1.95,18.2667,72.19,94,98,5.03,light rain
646,Oistins,BB,13.0667,-59.5333,78.8,73,40,21.85,scattered clouds
647,Petukhovo,RU,55.0692,67.9019,10.13,93,74,6.2,broken clouds
648,Zhigansk,RU,66.7697,123.3711,-45.62,74,69,3.83,broken clouds
649,Kyra,RU,49.5776,111.9753,7.07,90,100,4.23,light snow
650,Andros Town,BS,24.7,-77.7667,68.0,64,20,8.05,few clouds
651,Zlobin,HR,45.2924,14.6541,48.2,93,75,5.75,broken clouds
652,Novosergiyevka,RU,52.0934,53.6528,17.19,96,100,5.48,overcast clouds
653,Semey,KZ,50.4111,80.2275,-4.0,84,100,4.47,overcast clouds
654,Okha,RU,53.5739,142.9478,-3.8,90,100,19.33,overcast clouds
655,San Carlos De Bariloche,AR,-41.1456,-71.3082,53.6,71,75,10.36,broken clouds
656,Kieta,PG,-6.2167,155.6333,84.78,69,100,17.0,overcast clouds
657,Linfen,CN,36.0889,111.5189,43.77,48,78,4.72,broken clouds
658,Udachnyy,RU,66.4167,112.4,-30.5,81,100,9.91,overcast clouds
659,Birjand,IR,32.8663,59.2211,42.3,70,0,2.73,clear sky
660,Kayunga,UG,0.7025,32.8886,64.87,85,57,2.68,broken clouds
661,College,US,64.8569,-147.8028,-4.0,77,90,0.6,light snow
662,Drayton Valley,CA,53.2168,-114.9854,12.0,77,0,1.01,clear sky
663,Madona,LV,56.8533,26.217,24.03,97,99,7.99,light snow
664,Nemuro,JP,43.3236,145.575,24.8,58,20,8.05,few clouds
665,George,ZA,-33.963,22.4617,62.6,88,0,3.44,clear sky
666,Gua Musang,MY,4.8823,101.9644,82.15,59,78,2.15,broken clouds
667,Marawi,PH,7.9986,124.2928,81.0,83,34,8.99,scattered clouds
668,Tazovskiy,RU,67.4667,78.7,-24.81,85,100,17.27,overcast clouds
669,Khamgaon,IN,20.6833,76.5667,65.44,26,0,5.73,clear sky
670,Tashara,RU,55.5195,83.5094,-18.22,84,56,6.22,broken clouds
671,Asheboro,US,35.7079,-79.8136,37.4,65,90,3.67,overcast clouds
672,Slave Lake,CA,55.2834,-114.769,8.6,78,40,9.22,haze
673,Bubaque,GW,11.2833,-15.8333,78.78,63,71,11.92,broken clouds
674,Hibbing,US,47.4272,-92.9377,26.6,86,90,5.75,light snow
675,Kunya,NG,12.2233,8.5325,62.53,27,0,7.34,clear sky
676,Tanete,ID,-3.9443,119.7848,89.2,51,100,7.99,overcast clouds
677,Isabela,PH,6.7085,121.9711,86.0,62,40,12.66,scattered clouds
678,Luganville,VU,-15.5333,167.1667,84.6,65,77,9.19,broken clouds
679,Birin,NP,26.8865,88.0718,51.04,55,0,2.28,clear sky
680,Limbang,MY,4.75,115.0,84.2,74,75,3.44,broken clouds
681,The Valley,AI,18.217,-63.0578,77.0,83,40,10.36,scattered clouds
682,Atlantic City,US,39.3643,-74.4229,28.99,63,1,3.44,clear sky
683,Makakilo City,US,21.3469,-158.0858,82.4,47,40,5.75,scattered clouds
684,Manuk Mangkaw,PH,4.8,119.85,79.81,78,100,9.17,moderate rain
685,San Patricio,US,28.017,-97.5169,73.4,94,1,11.5,clear sky
686,Kondol,RU,52.8189,45.058,33.01,99,100,18.5,overcast clouds
687,Chistogorskiy,RU,53.9835,87.3843,-9.35,88,37,2.98,scattered clouds
688,Helong,CN,42.5397,128.9972,19.76,84,93,3.31,overcast clouds
689,Arman,RU,59.7,150.1667,-9.67,77,86,18.32,overcast clouds
690,Santiago,CL,-33.4569,-70.6483,64.4,88,75,11.5,broken clouds
691,Tara,RU,56.8944,74.371,0.91,93,100,10.45,overcast clouds
692,Taraz,KZ,42.9,71.3667,39.2,38,90,15.66,light rain
693,Huanren,CN,41.2647,125.3667,24.94,83,3,6.31,clear sky
694,Angoche,MZ,-16.2325,39.9086,77.14,87,100,7.2,overcast clouds
695,Fort William,GB,56.8165,-5.1121,25.0,91,100,2.68,overcast clouds
696,Suchiate,MX,14.55,-92.2167,75.2,94,1,3.65,clear sky
697,Union City,US,37.5958,-122.0192,54.0,54,20,3.44,few clouds
698,Popondetta,PG,-8.7537,148.2534,81.95,89,100,0.74,heavy intensity rain
699,Mao,ES,39.8885,4.2658,50.0,81,52,6.91,broken clouds
700,Tucuman,AR,-26.8241,-65.2226,69.8,94,90,8.05,mist
701,Xining,CN,36.6167,101.7667,20.28,67,0,3.8,clear sky
702,Kharp,RU,66.8014,65.8081,-19.21,85,100,5.3,light snow
703,Clinton,US,42.587,-82.9199,27.0,86,90,10.36,overcast clouds
704,Fukuma,JP,33.7667,130.4667,55.0,54,20,4.61,few clouds
705,Malanje,AO,-9.5402,16.341,62.31,99,100,4.23,overcast clouds
706,Lar,IN,26.2039,83.9717,52.14,50,0,3.8,clear sky
707,Polovinnoye,RU,54.7914,65.9864,7.99,95,35,3.76,scattered clouds
708,Megion,RU,61.0296,76.1136,-18.4,76,75,17.9,snow
709,Kushmurun,KZ,52.4503,64.6311,9.43,94,30,2.71,scattered clouds
